text,category,subcategory,priority,department
"AC is not working in classroom 204","Facilities","Air Conditioning","Medium","Maintenance"
"Water leakage in the college bathroom","Facilities","Water Supply","High","Maintenance"
"Projector is not working in the lecture hall","Facilities","Equipment","Medium","Maintenance"
"Classroom fans are not working","Facilities","Electrical","Medium","Maintenance"
"The classroom lights have stopped working","Facilities","Electrical","Medium","Maintenance"
"The DBMS professor has not uploaded the notes","Academics","Study Material","Low","Academic Department"
"Teacher has not conducted the scheduled lecture","Academics","Teaching","Medium","Academic Department"
"I have a problem with my course registration","Academics","Course Registration","Medium","Academic Department"
"Marks awarded in my DBMS exam are incorrect","Examinations","Marks","High","Exam Cell"
"My semester result has not been published","Examinations","Results","High","Exam Cell"
"The examination portal is not working","Examinations","Exam Portal","Critical","Exam Cell"
"I cannot download my hall ticket","Examinations","Hall Ticket","High","Exam Cell"
"WiFi is not working in the IT department","IT Services","WiFi","High","IT Department"
"College website is not opening","IT Services","Website","Medium","IT Department"
"My student portal login is not working","IT Services","Student Portal","Medium","IT Department"
"The computer lab systems are not connected to the internet","IT Services","Network","High","IT Department"
"There is no water in the hostel","Hostel","Water Supply","High","Hostel Administration"
"The hostel room fan is broken","Hostel","Room Maintenance","Medium","Hostel Administration"
"Hostel food quality is very poor","Hostel","Food","Medium","Hostel Administration"
"My hostel room has a damaged door","Hostel","Room Maintenance","Medium","Hostel Administration"
"I need a bonafide certificate","Administration","Documents","Low","Admin Office"
"I have not received my student ID card","Administration","ID Card","Medium","Admin Office"
"I need help correcting my personal details","Administration","Student Records","Low","Admin Office"
"I need a migration certificate","Administration","Documents","Medium","Admin Office"
"My tuition fee payment has failed","Fees & Finance","Fee Payment","High","Finance Department"
"I have not received my fee refund","Fees & Finance","Refund","High","Finance Department"
"I want information about my scholarship","Fees & Finance","Scholarship","Medium","Finance Department"
"The fee amount shown on my portal is incorrect","Fees & Finance","Fee Discrepancy","High","Finance Department"
"The library is closed during working hours","Student Services","Library","Medium","Library"
"I cannot issue a book from the library","Student Services","Library","Low","Library"
"My college bus is always late","Student Services","Transport","Medium","Transport Department"
"The student ID card is not being accepted in the library","Student Services","ID Card","Medium","Admin Office"