text,category,severity,department
"On most parts of the 8th/9th floor, WiFi is not available at all.",Technical,Urgent,IT
need a seperate female prayer room which is not just a sub portion of female common room,Infrastructure,Medium,Student Welfare
drinking water system on the 6th floor(CSE dpt) is no longer working.,Infrastructure,Urgent,Maintenance
Some projectors are not clear,Infrastructure,High,IT
Campus WiFi does not work in all areas and is also very slow.,Technical,Urgent,IT
"Due to continuous loud talking by some students in the library, it has become very difficult to study and maintain concentration",Administrative,Medium,Library
We can never find our adviser,Academic,High,Department Head
No hand wash in most of the washrooms,Infrastructure,Urgent,Maintenance
"Because of the long line for the lift, it becomes difficult to attend classes on time",Infrastructure,Medium,Maintenance
I have complain regarding the routing system of the bus.... Students go through a lot of problems to track location of the bus during arrival and departure . We know we have a msngr group where sometimes update is given but sometimes there is no update so it's a hassle... I would be better if and app system is give to know about the location of the bus upon arrival and departure. As during departure the bus doesn't always remain in same place as a result students get confused,Technical,Medium,Transport & Parking
zero Wifi facilities in peak hour,Technical,Urgent,IT
Inadequate Charging ports in library /reading room,Infrastructure,Medium,Library
The classroom projectors doesnt work well,Technical,Urgent,IT
CSE Dept doesnt have qualified teachers,Academic,High,Department Head
We need more research facilities in our university and also we need more experienced professors,Academic,High,Department Head
CSE Dept doesnt have qualified teachers,Academic,High,Department Head
We need more research facilities in our university and also we need more experienced professors,Academic,High,Department Head
Campus Wi-Fi speed and coverage are insufficient; the signal does not reach inside classrooms.,Technical,Urgent,IT
"Projectors have poor resolution and do not display colors properly, which causes issues in several lectures.",Technical,High,IT
"Classroom lights and ACs are not properly maintained; some are faulty, and there appears to be little concern regarding timely repairs.",Infrastructure,Urgent,Maintenance
"HDMI cables in theory classrooms are mostly faulty, causing inconvenience for faculty members and resulting in loss of lecture time.",Technical,High,IT
Library and study room spaces are insufficient and remain overcrowded during peak hours.,Administrative,Medium,Library
"When student occupancy in the library increases, the Wi-Fi connection becomes very slow and frequently disconnects. This severely disrupts academic activities, research work,and online learning, making the library ineffective as a study environment during peak hours.",Infrastructure,Urgent,IT
A studentship certificate costs a student 500taka which should be of free from the versity as a current student of the institute.,Finance,Medium,Registrar
Every floor should have separate male and female washrooms.,Infrastructure,High,Maintenance
"Just like there is a space for prayer in front of the Mechanical Department, a similar space should be provided in front of almost every department for prayers.",Administrative,Medium,Student Welfare
It would be good if there is a bKash or Nagad merchant available inside the university.,Finance,Low,Finance
"Pressure is applied to participate in co-curricular activities by seniors, even if students are unwilling or facing problems.",Administrative,High,Proctorial
The 7th floor (6 of lift) does not have Wi-Fi routers. Thus the Wi-Fi connection disappears when a student enters a classroom in the 7th floor. This is extremely inconvenient as it can cause a student to miss their attendance in their class for the lack of internet connectivity despite being present in the class.,Technical,Urgent,IT
There is no proper wifi in campus. We should be provided with a working campus wifi,Technical,Urgent,IT
The routine does not allocate time for prayers and lunch.,Academic,Medium,Department Head
Plaster dust is falling from the classroom wall.,Infrastructure,Urgent,Maintenance
"Some labs do not have sufficient equipment, and in many cases, the equipment does not work properly.",Technical,Urgent,Department Head
"Besides, the Wi-Fi does not function well across the entire campus.",Technical,Urgent,IT
Faculties whose voices cannot be heard loudly or find it difficult to speak loudly in large classrooms should use personal headset microphones for their ease as well as ours.,Technical,Medium,Department Head
"The transparent glass of washroom windows should be replaced with non-transparent glass, especially in lower floors, as it is a matter of privacy.",Infrastructure,Urgent,Maintenance
The size for the teacup in the cafeteria should be larger.,Administrative,Low,Canteen
"The ShaPa day should be organized every semester within 2-3 weeks after midterm exams. ShaPa being in the last week of the semester amidst lab finals and quizzes is not student friendly. Furthermore, if ShaPa is organized within 8th-10th week this semester, then it can be during the spring season i.e. before the unpredictable heat and rain of the summer season starts. The date of the day should also be fixed right after midterm exams so that students can organize their quizzes around that date.",Academic,Medium,Student Welfare
"In the CSE 1206 course, classes are frequently ended significantly earlier than the allocated time.",Academic,High,Department Head
"The round tube lights in the university, especially those in the washrooms and on the Architecture stairs, should be repaired or replaced with new ones.",Infrastructure,Urgent,Maintenance
The exhaust fans in the washrooms and other areas should be repaired or replaced with new ones.,Infrastructure,Urgent,Maintenance
"Due to server problems in the IUMS system, I was unable to check my result on the publication day and had to wait until the next day",Technical,Urgent,IT
The group members for group projects should be selected by the teachers. The students with no groups have to suffer,Academic,Medium,Department Head
Some boys think they can talk in whatever way they want with the girls .,Administrative,Urgent,Proctorial
"I am dissatisfied because students are required to pay substantial fees by the organizer, even if they do not take part in the event.",Finance,High,Student Welfare
Forming groups ourselves often leads to conflicts. It would be better if the teacher assigned the groups first to avoid any problems.,Academic,Medium,Department Head
"It is difficult to evaluate students fairly when quizzes have uneven difficulty levels, with some sets being hard and others easy.",Academic,High,Department Head
"It feels unfair that students with access to alternative sections or materials can perform better in quizzes, while others without these resources struggle.",Academic,High,Department Head
"On most parts of the 8th/9th floor, WiFi is missing at all.",Technical,Urgent,IT
out of focus Projectors.,Infrastructure,High,IT
are in need of bookshelf in female prayer room. This is affecting regular activities.,Infrastructure,Low,Maintenance
are in need of a seperate female prayer room which is not just a sub portion of female common room. Please look into it.,Infrastructure,Medium,Student Welfare
drinking water system on the 6th floor(CSE dpt) is no longer working. Kindly verify and take action.,Infrastructure,Urgent,Maintenance
Some projectors are not clear. Would appreciate a resolution soon.,Infrastructure,High,IT
Campus WiFi does not work in all areas and is also very slow. Please look into it.,Technical,Urgent,IT
"Due to continuous loud talking by some students at the library, it has become very difficult to study and maintain concentration. Please look into it.",Administrative,Medium,Library
We can never find our adviser.,Academic,High,Department Head
No hand wash in most of the washrooms. This is affecting regular activities.,Infrastructure,Urgent,Maintenance
"Because of the long line for the lift, it becomes difficult to attend classes on time. Please look into it.",Infrastructure,Medium,Maintenance
I have complain regarding the routing system of the bus.... Students go through a lot of problems to track location of the bus during arrival and departure . We know we have a msngr group where sometimes update is given but sometimes there is no update so it's a hassle... I would be better if and app system is give to know about the location of the bus upon arrival and departure. As during departure the bus doesn't always remain in same place as a result students get confused.,Technical,Medium,Transport & Parking
zero Wifi facilities in peak hour. This is affecting regular activities.,Technical,Urgent,IT
Inadequate Charging ports in library /reading room. Kindly verify and take action.,Infrastructure,Medium,Library
The classroom projectors doesnt work well. Needs attention.,Technical,Urgent,IT
CSE Dept doesnt have qualified teachers. Please look into it.,Academic,High,Department Head
We would benefit from more research facilities in our university and also we would benefit from more experienced professors.,Academic,High,Department Head
The campus wifi disconnects repeatedly and doesnt have enough speed while doing any important work.. Requesting a quick check.,Technical,Urgent,IT
CSE Dept doesnt have qualified teachers.,Academic,High,Department Head
We require more research facilities in our university and also we require more experienced professors.,Academic,High,Department Head
Campus Wi-Fi speed and coverage are insufficient; the signal does not reach inside classrooms. Needs attention.,Technical,Urgent,IT
"Projectors have subpar resolution and do not display colors properly, which causes issues in several lectures.",Technical,High,IT
"Classroom lights and ACs are not properly maintained; some are faulty, and there appears to be little concern regarding timely repairs. Please look into it.",Infrastructure,Urgent,Maintenance
"HDMI cables in theory classrooms are mostly faulty, causing inconvenience for faculty members and resulting in loss of lecture time. Please look into it.",Technical,High,IT
Library and study room spaces are insufficient and remain overcrowded during peak hours. This is affecting regular activities.,Administrative,Medium,Library
More female washrooms would be really appreciated. Requesting a quick check.,Infrastructure,Medium,Maintenance
"When student occupancy at the library increases, the Wi-Fi connection becomes very slow and frequently disconnects. This severely disrupts academic activities, research work,and online learning, making the library ineffective as a study environment during peak hours. Kindly verify and take action.",Infrastructure,Urgent,IT
A studentship certificate costs a student 500taka which should be of free from the versity as a current student of the institute. This is affecting regular activities.,Finance,Medium,Registrar
Every floor should have separate male and female washrooms. This is affecting regular activities.,Infrastructure,High,Maintenance
"Just like there is a space for prayer in front of the Mechanical Department, a similar space should be provided in front of almost every department for prayers. Requesting a quick check.",Administrative,Medium,Student Welfare
It would be good if there is a bKash or Nagad merchant in service inside the university.,Finance,Low,Finance
Most of the computers at the labs have problems; they should be fixed. Kindly verify and take action.,Technical,Urgent,IT
"Pressure is applied to participate in co-curricular activities by seniors, even if students are unwilling or facing problems. Needs attention.",Administrative,High,Proctorial
The 7th floor (6 of lift) does not have Wi-Fi routers. Thus the Wi-Fi connection disappears when a student enters a classroom at the 7th floor. This is extremely inconvenient as it can cause a student to miss their attendance in their class for the lack of internet connectivity despite being present at the class. Requesting a quick check.,Technical,Urgent,IT
AC's don't work properly. Would appreciate a resolution soon.,Infrastructure,Urgent,Maintenance
There is no proper wifi in campus. We should be provided with a working campus wifi. Would appreciate a resolution soon.,Technical,Urgent,IT
The routine does not allocate time for prayers and lunch. Please look into it.,Academic,Medium,Department Head
The floor of the classroom is not clean. Kindly verify and take action.,Infrastructure,Medium,Maintenance
Plaster dust is falling from the classroom wall. Please look into it.,Infrastructure,Urgent,Maintenance
"Some labs do not have sufficient equipment, and in many cases, the equipment does not work properly. This is affecting regular activities.",Technical,Urgent,Department Head
"Besides, the Wi-Fi does not function well across the entire campus. Needs attention.",Technical,Urgent,IT
Faculties whose voices cannot be heard loudly or find it difficult to speak loudly in large classrooms should use personal headset microphones for their ease as well as ours. Kindly verify and take action.,Technical,Medium,Department Head
"The transparent glass of washroom windows should be replaced with non-transparent glass, especially in lower floors, as it is a matter of privacy. Kindly verify and take action.",Infrastructure,Urgent,Maintenance
The size for the teacup at the cafeteria should be larger.,Administrative,Low,Canteen
"The ShaPa day should be organized every semester within 2-3 weeks after midterm exams. ShaPa being at the last week of the semester amidst lab finals and quizzes is not student friendly. Furthermore, if ShaPa is organized within 8th-10th week this semester, then it can be during the spring season i.e. before the unpredictable heat and rain of the summer season starts. The date of the day should also be fixed right after midterm exams so that students can organize their quizzes around that date.",Academic,Medium,Student Welfare
"at the CSE 1206 course, classes are frequently ended significantly earlier than the allocated time. Requesting a quick check.",Academic,High,Department Head
"The round tube lights at the university, especially those at the washrooms and on the Architecture stairs, should be repaired or replaced with new ones. Requesting a quick check.",Infrastructure,Urgent,Maintenance
The exhaust fans at the washrooms and other areas should be repaired or replaced with new ones.,Infrastructure,Urgent,Maintenance
"Due to server problems at the IUMS system, I was unable to check my result on the publication day and had to wait until the next day. Please look into it.",Technical,Urgent,IT
The group members for group projects should be selected by the teachers. The students with no groups have to suffer. This is affecting regular activities.,Academic,Medium,Department Head
Some boys think they can talk in whatever way they want with the girls . This is affecting regular activities.,Administrative,Urgent,Proctorial
The supervisor finding procedure for thesis is so frustrating. Would appreciate a resolution soon.,Academic,High,Department Head
"I am dissatisfied because students are required to pay substantial fees by the organizer, even if they do not take part in the event. Please look into it.",Finance,High,Student Welfare
Forming groups ourselves regularly leads to conflicts. It would be better if the teacher assigned the groups first to avoid any problems. This is affecting regular activities.,Academic,Medium,Department Head
"It is difficult to evaluate students fairly when quizzes have uneven difficulty levels, with some sets being hard and others easy. Requesting a quick check.",Academic,High,Department Head
"It feels unfair that students with access to alternative sections or materials can perform better in quizzes, while others without these resources struggle. Requesting a quick check.",Academic,High,Department Head
"On most parts of the 8th/9th floor, WiFi is unavailable at all. Please look into it.",Technical,Urgent,IT
unclear Projectors. This is affecting regular activities.,Infrastructure,High,IT
would benefit from bookshelf in female prayer room. Would appreciate a resolution soon.,Infrastructure,Low,Maintenance
are in need of a seperate female prayer room which is not just a sub portion of female common room. Kindly verify and take action.,Infrastructure,Medium,Student Welfare
drinking water system on the 6th floor(CSE dpt) is no longer working. Requesting a quick check.,Infrastructure,Urgent,Maintenance
some computers in LAB is very very laggy (7B01-7B08). Requesting a quick check.,Technical,Urgent,IT
Campus WiFi does not work in all areas and is also very slow. Would appreciate a resolution soon.,Technical,Urgent,IT
"Due to continuous loud talking by some students in the library, it has become very difficult to study and maintain concentration.",Administrative,Medium,Library
We can never find our adviser. This is affecting regular activities.,Academic,High,Department Head
No hand wash in most of the washrooms.,Infrastructure,Urgent,Maintenance
"Because of the long line for the lift, it becomes difficult to attend classes on time. This is affecting regular activities.",Infrastructure,Medium,Maintenance
I have complain regarding the routing system of the bus.... Students go through a lot of problems to track location of the bus during arrival and departure . We know we have a msngr group where sometimes update is given but sometimes there is no update so it's a hassle... I would be better if and app system is give to know about the location of the bus upon arrival and departure. As during departure the bus doesn't always remain in same place as a result students get confused. Would appreciate a resolution soon.,Technical,Medium,Transport & Parking
zero Wifi facilities in peak hour. Would appreciate a resolution soon.,Technical,Urgent,IT
Inadequate Charging ports in library /reading room.,Infrastructure,Medium,Library
CSE Dept doesnt have qualified teachers.,Academic,High,Department Head
We are in need of more research facilities in our university and also we are in need of more experienced professors.,Academic,High,Department Head
CSE Dept doesnt have qualified teachers. Please look into it.,Academic,High,Department Head
We would benefit from more research facilities in our university and also we would benefit from more experienced professors.,Academic,High,Department Head
Campus Wi-Fi speed and coverage are insufficient; the signal does not reach inside classrooms. Would appreciate a resolution soon.,Technical,Urgent,IT
Whiteboards in theory classrooms are damaged. Please look into it.,Infrastructure,High,Maintenance
"Projectors have inadequate resolution and do not display colors properly, which causes issues in several lectures. Please look into it.",Technical,High,IT
"Classroom lights and ACs are not properly maintained; some are faulty, and there appears to be little concern regarding timely repairs. Kindly verify and take action.",Infrastructure,Urgent,Maintenance
"HDMI cables in theory classrooms are mostly faulty, causing inconvenience for faculty members and resulting in loss of lecture time. Requesting a quick check.",Technical,High,IT
Library and study room spaces are insufficient and remain overcrowded during peak hours. Kindly verify and take action.,Administrative,Medium,Library
"When student occupancy in the library increases, the Wi-Fi connection becomes very slow and frequently disconnects. This severely disrupts academic activities, research work,and online learning, making the library ineffective as a study environment during peak hours. Requesting a quick check.",Infrastructure,Urgent,IT
A studentship certificate costs a student 500taka which should be of free from the versity as a current student of the institute. Please look into it.,Finance,Medium,Registrar
Every floor should have separate male and female washrooms. Kindly verify and take action.,Infrastructure,High,Maintenance
"Just like there is a space for prayer in front of the Mechanical Department, a similar space should be provided in front of almost every department for prayers. Please look into it.",Administrative,Medium,Student Welfare
It would be good if there is a bKash or Nagad merchant ready inside the university. Requesting a quick check.,Finance,Low,Finance
"Pressure is applied to participate in co-curricular activities by seniors, even if students are unwilling or facing problems. Would appreciate a resolution soon.",Administrative,High,Proctorial
The 7th floor (6 of lift) does not have Wi-Fi routers. Thus the Wi-Fi connection disappears when a student enters a classroom at the 7th floor. This is extremely inconvenient as it can cause a student to miss their attendance in their class for the lack of internet connectivity despite being present at the class. Kindly verify and take action.,Technical,Urgent,IT
AC's don't work properly. Needs attention.,Infrastructure,Urgent,Maintenance
There is no proper wifi in campus. We should be provided with a working campus wifi. Kindly verify and take action.,Technical,Urgent,IT
The routine does not allocate time for prayers and lunch. This is affecting regular activities.,Academic,Medium,Department Head
The lab classes lack regular maintenance which hampers the studies. Would appreciate a resolution soon.,Technical,High,IT
"Some labs do not have sufficient equipment, and in many cases, the equipment does not work properly. Please look into it.",Technical,Urgent,Department Head
"Besides, the Wi-Fi does not function well across the entire campus. This is affecting regular activities.",Technical,Urgent,IT
Faculties whose voices cannot be heard loudly or find it difficult to speak loudly in large classrooms should use personal headset microphones for their ease as well as ours. Please look into it.,Technical,Medium,Department Head
"The transparent glass of washroom windows should be replaced with non-transparent glass, especially in lower floors, as it is a matter of privacy. This is affecting regular activities.",Infrastructure,Urgent,Maintenance
The size for the teacup in the cafeteria should be larger. Please look into it.,Administrative,Low,Canteen
"The ShaPa day should be organized every semester within 2-3 weeks after midterm exams. ShaPa being at the last week of the semester amidst lab finals and quizzes is not student friendly. Furthermore, if ShaPa is organized within 8th-10th week this semester, then it can be during the spring season i.e. before the unpredictable heat and rain of the summer season starts. The date of the day should also be fixed right after midterm exams so that students can organize their quizzes around that date. Please look into it.",Academic,Medium,Student Welfare
"at the CSE 1206 course, classes are frequently ended significantly earlier than the allocated time. This is affecting regular activities.",Academic,High,Department Head
"The round tube lights at the university, especially those at the washrooms and on the Architecture stairs, should be repaired or replaced with new ones. Please look into it.",Infrastructure,Urgent,Maintenance
The exhaust fans in the washrooms and other areas should be repaired or replaced with new ones. This is affecting regular activities.,Infrastructure,Urgent,Maintenance
"Due to server problems in the IUMS system, I was unable to check my result on the publication day and had to wait until the next day. Kindly verify and take action.",Technical,Urgent,IT
The group members for group projects should be selected by the teachers. The students with no groups have to suffer. Requesting a quick check.,Academic,Medium,Department Head
Some boys think they can talk in whatever way they want with the girls . Needs attention.,Administrative,Urgent,Proctorial
"I am dissatisfied because students are required to pay substantial fees by the organizer, even if they do not take part at the event. Would appreciate a resolution soon.",Finance,High,Student Welfare
Forming groups ourselves frequently leads to conflicts. It would be better if the teacher assigned the groups first to avoid any problems. Please look into it.,Academic,Medium,Department Head
"It is difficult to evaluate students fairly when quizzes have uneven difficulty levels, with some sets being hard and others easy. This is affecting regular activities.",Academic,High,Department Head
"It feels unfair that students with access to alternative sections or materials can perform better in quizzes, while others without these resources struggle. Kindly verify and take action.",Academic,High,Department Head
out of focus Projectors. This is affecting regular activities.,Infrastructure,High,IT
require bookshelf in female prayer room. Kindly verify and take action.,Infrastructure,Low,Maintenance
require a seperate female prayer room which is not just a sub portion of female common room. Needs attention.,Infrastructure,Medium,Student Welfare
drinking water system on the 6th floor(CSE dpt) is no longer working. Please look into it.,Infrastructure,Urgent,Maintenance
Some projectors are not clear. This is affecting regular activities.,Infrastructure,High,IT
Campus WiFi does not work in all areas and is also very slow. This is affecting regular activities.,Technical,Urgent,IT
"Due to continuous loud talking by some students at the library, it has become very difficult to study and maintain concentration. Kindly verify and take action.",Administrative,Medium,Library
We can never find our adviser. Please look into it.,Academic,High,Department Head
No hand wash in most of the washrooms. Please look into it.,Infrastructure,Urgent,Maintenance
"Because of the long line for the lift, it becomes difficult to attend classes on time.",Infrastructure,Medium,Maintenance
I have complain regarding the routing system of the bus.... Students go through a lot of problems to track location of the bus during arrival and departure . We know we have a msngr group where sometimes update is given but sometimes there is no update so it's a hassle... I would be better if and app system is give to know about the location of the bus upon arrival and departure. As during departure the bus doesn't always remain in same place as a result students get confused. This is affecting regular activities.,Technical,Medium,Transport & Parking
zero Wifi facilities in peak hour. Requesting a quick check.,Technical,Urgent,IT
Inadequate Charging ports in library /reading room. Needs attention.,Infrastructure,Medium,Library
The classroom projectors doesnt work well. Requesting a quick check.,Technical,Urgent,IT
CSE Dept doesnt have qualified teachers. Would appreciate a resolution soon.,Academic,High,Department Head
We require more research facilities in our university and also we require more experienced professors. Needs attention.,Academic,High,Department Head
We are in need of more research facilities in our university and also we are in need of more experienced professors. Needs attention.,Academic,High,Department Head
Campus Wi-Fi speed and coverage are insufficient; the signal does not reach inside classrooms. This is affecting regular activities.,Technical,Urgent,IT
"Projectors have subpar resolution and do not display colors properly, which causes issues in several lectures. Requesting a quick check.",Technical,High,IT
"Classroom lights and ACs are not properly maintained; some are faulty, and there appears to be little concern regarding timely repairs. Needs attention.",Infrastructure,Urgent,Maintenance
"HDMI cables in theory classrooms are mostly faulty, causing inconvenience for faculty members and resulting in loss of lecture time. Kindly verify and take action.",Technical,High,IT
Library and study room spaces are insufficient and remain overcrowded during peak hours. Requesting a quick check.,Administrative,Medium,Library
More female washrooms would be really appreciated. Kindly verify and take action.,Infrastructure,Medium,Maintenance
"When student occupancy in the library increases, the Wi-Fi connection becomes very slow and frequently disconnects. This severely disrupts academic activities, research work,and online learning, making the library ineffective as a study environment during peak hours. Kindly verify and take action.",Infrastructure,Urgent,IT
A studentship certificate costs a student 500taka which should be of free from the versity as a current student of the institute. Needs attention.,Finance,Medium,Registrar
Every floor should have separate male and female washrooms. Requesting a quick check.,Infrastructure,High,Maintenance
Each floor should have one wheelchair in service. Please look into it.,Administrative,High,Student Welfare
"Just like there is a space for prayer in front of the Mechanical Department, a similar space should be provided in front of almost every department for prayers. Kindly verify and take action.",Administrative,Medium,Student Welfare
It would be good if there is a bKash or Nagad merchant in service inside the university. Kindly verify and take action.,Finance,Low,Finance
"Pressure is applied to participate in co-curricular activities by seniors, even if students are unwilling or facing problems. Kindly verify and take action.",Administrative,High,Proctorial
The 7th floor (6 of lift) does not have Wi-Fi routers. Thus the Wi-Fi connection disappears when a student enters a classroom in the 7th floor. This is extremely inconvenient as it can cause a student to miss their attendance in their class for the lack of internet connectivity despite being present in the class. Please look into it.,Technical,Urgent,IT
There is no proper wifi in campus. We should be provided with a working campus wifi. Requesting a quick check.,Technical,Urgent,IT
The routine does not allocate time for prayers and lunch. Needs attention.,Academic,Medium,Department Head
"Some labs do not have sufficient equipment, and in many cases, the equipment does not work properly. Needs attention.",Technical,Urgent,Department Head
"Besides, the Wi-Fi does not function well across the entire campus. Please look into it.",Technical,Urgent,IT
Faculties whose voices cannot be heard loudly or find it difficult to speak loudly in large classrooms should use personal headset microphones for their ease as well as ours. This is affecting regular activities.,Technical,Medium,Department Head
"The transparent glass of washroom windows should be replaced with non-transparent glass, especially in lower floors, as it is a matter of privacy. Would appreciate a resolution soon.",Infrastructure,Urgent,Maintenance
"The ShaPa day should be organized every semester within 2-3 weeks after midterm exams. ShaPa being in the last week of the semester amidst lab finals and quizzes is not student friendly. Furthermore, if ShaPa is organized within 8th-10th week this semester, then it can be during the spring season i.e. before the unpredictable heat and rain of the summer season starts. The date of the day should also be fixed right after midterm exams so that students can organize their quizzes around that date. Please look into it.",Academic,Medium,Student Welfare
"In the CSE 1206 course, classes are frequently ended significantly earlier than the allocated time. Please look into it.",Academic,High,Department Head
"The round tube lights at the university, especially those at the washrooms and on the Architecture stairs, should be repaired or replaced with new ones. Needs attention.",Infrastructure,Urgent,Maintenance
The exhaust fans at the washrooms and other areas should be repaired or replaced with new ones. Please look into it.,Infrastructure,Urgent,Maintenance
"Due to server problems in the IUMS system, I was unable to check my result on the publication day and had to wait until the next day.",Technical,Urgent,IT
The group members for group projects should be selected by the teachers. The students with no groups have to suffer.,Academic,Medium,Department Head
Some boys think they can talk in whatever way they want with the girls . Please look into it.,Administrative,Urgent,Proctorial
"I am dissatisfied because students are required to pay substantial fees by the organizer, even if they do not take part in the event. Needs attention.",Finance,High,Student Welfare
Forming groups ourselves regularly leads to conflicts. It would be better if the teacher assigned the groups first to avoid any problems.,Academic,Medium,Department Head
"It is difficult to evaluate students fairly when quizzes have uneven difficulty levels, with some sets being hard and others easy. Would appreciate a resolution soon.",Academic,High,Department Head
"It feels unfair that students with access to alternative sections or materials can perform better in quizzes, while others without these resources struggle. This is affecting regular activities.",Academic,High,Department Head
Lights in the hallway of the academic building are not working.,Infrastructure,High,Maintenance
Backup generator failed during a recent power cut.,Infrastructure,Medium,Maintenance
Several classroom ceiling fans are not functioning.,Infrastructure,Medium,Maintenance
Voltage fluctuation is affecting computer lab equipment.,Infrastructure,Urgent,Maintenance
Electrical sockets in the library are damaged.,Infrastructure,Urgent,Maintenance
Projector power outlets are loose in multiple rooms.,Infrastructure,Low,Maintenance
Outdoor campus lights remain off at night.,Infrastructure,High,Maintenance
Electrical wiring near the lab entrance is exposed.,Infrastructure,High,Maintenance
Frequent power interruptions during lab sessions.,Infrastructure,High,Maintenance
Some classrooms remain very hot due to non‑working fans.,Infrastructure,Urgent,Maintenance
Switchboards in lecture halls are broken.,Infrastructure,Medium,Maintenance
Electric sparks noticed near an old switchboard.,Infrastructure,Medium,Maintenance
Power supply in the seminar room is unstable.,Infrastructure,Urgent,Maintenance
Generator does not cover all floors during outages.,Infrastructure,Medium,Maintenance
Several bulbs in corridors have not been replaced.,Infrastructure,High,Maintenance
Computer lab loses electricity during peak hours.,Infrastructure,Urgent,Maintenance
Air conditioning in the auditorium stops suddenly.,Infrastructure,Urgent,Maintenance
Charging ports for students are not working.,Infrastructure,Medium,Maintenance
Electrical maintenance requests take too long to resolve.,Infrastructure,Low,Maintenance
Lights in the parking basement flicker frequently.,Infrastructure,Urgent,Maintenance
Extension cables in labs are damaged.,Infrastructure,Low,Maintenance
Some switches in classrooms produce burning smell,Infrastructure,High,Maintenance
Online fee payment portal often fails during transactions.,Finance,Medium,Finance
Fee payment confirmation takes several days to appear.,Finance,Low,Finance
Students must stand in very long queues for payment.,Finance,Medium,Finance
Incorrect late fee added to student accounts.,Finance,Urgent,Finance
Refund process after course withdrawal is too slow.,Finance,Urgent,Finance
Fee receipt not issued immediately after payment.,Finance,Urgent,Finance
Scholarship adjustments are not reflected in fee statements.,Finance,Urgent,Finance
Semester fee breakdown is not clearly explained.,Finance,High,Finance
Online portal shows payment error despite deduction.,Finance,Low,Finance
Fee clearance process takes too long before registration.,Finance,Medium,Finance
Students cannot download digital payment receipts.,Finance,Urgent,Finance
Late fee applied even when payment was submitted earlier.,Finance,High,Finance
Fee portal crashes near payment deadlines.,Finance,Medium,Finance
Payment verification requires multiple office visits.,Finance,High,Finance
Fee refund policy is unclear for many students.,Finance,High,Finance
Payment portal does not support several mobile banking apps.,Finance,Medium,Finance
Installment payment requests are often ignored.,Finance,Urgent,Finance
No clear parking markings for vehicles.,Infrastructure,Urgent,Transport & Parking
Security monitoring in parking areas is weak.,Infrastructure,Low,Transport & Parking
No shade in motorcycle parking areas.,Infrastructure,Medium,Transport & Parking
Parking area lighting is very poor at night.,Infrastructure,Low,Transport & Parking
Unauthorized vehicles occupy student parking spots.,Infrastructure,Low,Transport & Parking
Parking space for bicycles is too small.,Infrastructure,Urgent,Transport & Parking
Parking attendants are not always present.,Infrastructure,Low,Transport & Parking
No clear signboards for visitor parking.,Infrastructure,Medium,Transport & Parking
Vehicles sometimes block emergency exits.,Infrastructure,High,Transport & Parking
Parking fee collection process is confusing.,Infrastructure,Urgent,Transport & Parking
Motorcycle parking area is overcrowded.,Infrastructure,Low,Transport & Parking
Parking area surveillance cameras are not functioning.,Infrastructure,Medium,Transport & Parking
Parking layout causes difficulty exiting during rush hours.,Infrastructure,Medium,Transport & Parking
Students report minor scratches due to crowded parking.,Infrastructure,Low,Transport & Parking
Parking entrance becomes jammed during morning classes.,Infrastructure,Urgent,Transport & Parking
No digital system to track available parking spaces.,Infrastructure,Low,Transport & Parking
Parking area drainage system is poor.,Infrastructure,Medium,Transport & Parking
Washrooms on the third floor lack proper cleaning.,Infrastructure,Urgent,Maintenance
Water leakage from ceiling in classroom corridor.,Infrastructure,Medium,Maintenance
Elevator waiting time is extremely long.,Infrastructure,Urgent,Maintenance
Classroom windows cannot be opened.,Infrastructure,Medium,Maintenance
Hand dryers in washrooms are not functioning.,Infrastructure,Medium,Maintenance
Broken tiles near the staircases are dangerous.,Infrastructure,Medium,Maintenance
Water accumulates near washroom entrances.,Infrastructure,Medium,Maintenance
Toilet paper dispensers are empty frequently.,Infrastructure,Urgent,Maintenance
Elevator capacity is insufficient during class change time.,Infrastructure,Medium,Maintenance
Some stair railings are loose.,Infrastructure,High,Maintenance
Washroom drainage is slow causing water pooling.,Infrastructure,High,Maintenance
Elevator maintenance seems irregular.,Infrastructure,High,Maintenance
Classroom floors remain dirty after cleaning.,Infrastructure,Medium,Maintenance
Water taps in washrooms are leaking,Infrastructure,Medium,Maintenance
